user_id,name,email,signup_date,country
1,Kai Johnson,kai.johnson1@example.com,2026-05-20,Australia
2,Isabella Rossi,isabella.rossi2@example.com,2026-03-22,Canada
3,Zoe Petrov,zoe.petrov3@example.com,2026-04-18,Sweden
4,Harper Garcia,harper.garcia4@example.com,2026-05-17,Canada
5,Elijah Rossi,elijah.rossi5@example.com,2025-09-16,Sweden
6,Ava Petrov,ava.petrov6@example.com,2026-02-20,South Africa
7,Harper Rossi,harper.rossi7@example.com,2025-10-15,Sweden
8,Mateo Nguyen,mateo.nguyen8@example.com,2025-05-09,United Kingdom
9,Miles Osei,miles.osei9@example.com,2025-12-09,Australia
10,Oliver Muller,oliver.muller10@example.com,2025-01-27,Brazil
11,Emma Smith,emma.smith11@example.com,2025-11-19,Canada
12,Amelia Kowalski,amelia.kowalski12@example.com,2025-07-27,Australia
13,Liam Tanaka,liam.tanaka13@example.com,2025-08-31,Canada
14,Levi Smith,levi.smith14@example.com,2025-08-23,Australia
15,Kai Larsen,kai.larsen15@example.com,2025-03-05,Brazil
16,Leo Muller,leo.muller16@example.com,2025-06-06,Canada
17,Liam Rossi,liam.rossi17@example.com,2025-05-02,Australia
18,Noah Rossi,noah.rossi18@example.com,2025-03-15,Canada
19,Levi Dubois,levi.dubois19@example.com,2025-10-12,Brazil
20,Sophia Kowalski,sophia.kowalski20@example.com,2025-12-02,Germany
21,Zoe Dubois,zoe.dubois21@example.com,2025-06-07,Canada
22,Nora Kim,nora.kim22@example.com,2025-09-01,Germany
23,Sophia Tanaka,sophia.tanaka23@example.com,2025-11-19,Australia
24,Kai Petrov,kai.petrov24@example.com,2026-02-09,Brazil
25,Theo Garcia,theo.garcia25@example.com,2026-02-04,United States
26,Lucas Haile,lucas.haile26@example.com,2026-01-15,Canada
27,Elijah Chen,elijah.chen27@example.com,2025-03-10,Brazil
28,Elijah Alvarez,elijah.alvarez28@example.com,2025-11-11,France
29,Oliver Dubois,oliver.dubois29@example.com,2026-03-22,Germany
30,Ivy Petrov,ivy.petrov30@example.com,2025-08-30,Australia
31,Ivy Chen,ivy.chen31@example.com,2025-10-25,Sweden
32,Levi Kowalski,levi.kowalski32@example.com,2026-02-09,United Kingdom
33,Jack Alvarez,jack.alvarez33@example.com,2026-04-16,United States
34,Emma Patel,emma.patel34@example.com,2025-07-15,United Kingdom
35,Zoe Osei,zoe.osei35@example.com,2025-07-31,Canada
36,Levi Haile,levi.haile36@example.com,2025-07-31,France
37,Jack Dubois,jack.dubois37@example.com,2025-01-20,South Africa
38,Ava Johnson,ava.johnson38@example.com,2025-06-17,South Africa
39,Theo Dubois,theo.dubois39@example.com,2025-05-04,Brazil
40,Emma Andersson,emma.andersson40@example.com,2025-10-22,United Kingdom
41,Ezra Nguyen,ezra.nguyen41@example.com,2025-01-29,Australia
42,Jack Kim,jack.kim42@example.com,2025-09-15,Canada
43,Kai Andersson,kai.andersson43@example.com,2025-03-28,South Africa
44,Nora Muller,nora.muller44@example.com,2026-03-15,Brazil
45,Theo Kim,theo.kim45@example.com,2025-08-29,South Africa
46,Ava Larsen,ava.larsen46@example.com,2025-12-18,France
47,Ava Johnson,ava.johnson47@example.com,2025-02-11,Brazil
48,Mia Rossi,mia.rossi48@example.com,2026-05-03,Germany
49,Leo Smith,leo.smith49@example.com,2026-04-19,France
50,Noah Petrov,noah.petrov50@example.com,2025-05-05,United Kingdom
51,Oliver Alvarez,oliver.alvarez51@example.com,2025-02-02,South Africa
52,Sophia Dubois,sophia.dubois52@example.com,2025-09-04,Sweden
53,Harper Muller,harper.muller53@example.com,2025-02-11,South Africa
54,Theo Muller,theo.muller54@example.com,2025-06-01,Australia
55,Levi Kowalski,levi.kowalski55@example.com,2025-10-20,South Africa
56,Ezra Johnson,ezra.johnson56@example.com,2026-01-26,Germany
57,Noah Silva,noah.silva57@example.com,2026-05-22,Sweden
58,Luna Rossi,luna.rossi58@example.com,2025-08-04,Germany
59,Ava Smith,ava.smith59@example.com,2025-06-04,United States
60,Isabella Smith,isabella.smith60@example.com,2025-02-23,United States
61,Lucas Smith,lucas.smith61@example.com,2025-09-11,Germany
62,Mateo Alvarez,mateo.alvarez62@example.com,2026-02-12,South Africa
63,Oliver Chen,oliver.chen63@example.com,2025-08-10,France
64,Isabella Alvarez,isabella.alvarez64@example.com,2025-04-14,Japan
65,Elijah Johnson,elijah.johnson65@example.com,2026-04-13,Japan
66,Amelia Osei,amelia.osei66@example.com,2025-11-03,France
67,Ivy Garcia,ivy.garcia67@example.com,2025-06-22,Canada
68,Liam Haile,liam.haile68@example.com,2025-05-25,Brazil
69,Emma Rossi,emma.rossi69@example.com,2026-02-23,Germany
70,Luna Tanaka,luna.tanaka70@example.com,2026-03-22,Japan
71,Sophia Dubois,sophia.dubois71@example.com,2025-10-08,Germany
72,Noah Tanaka,noah.tanaka72@example.com,2025-04-14,South Africa
73,Emma Garcia,emma.garcia73@example.com,2025-07-03,South Africa
74,Ava Smith,ava.smith74@example.com,2025-02-12,Germany
75,Sophia Osei,sophia.osei75@example.com,2025-09-26,France
76,Elijah Haile,elijah.haile76@example.com,2025-02-24,United States
77,Sophia Haile,sophia.haile77@example.com,2026-05-31,Japan
78,Mateo Tanaka,mateo.tanaka78@example.com,2026-01-06,Japan
79,Miles Petrov,miles.petrov79@example.com,2025-06-28,France
80,Oliver Muller,oliver.muller80@example.com,2026-01-01,Germany
81,Liam Chen,liam.chen81@example.com,2025-05-21,South Africa
82,Liam Silva,liam.silva82@example.com,2026-05-03,United States
83,Leo Alvarez,leo.alvarez83@example.com,2025-09-17,South Africa
84,Sophia Garcia,sophia.garcia84@example.com,2025-01-26,South Africa
85,Noah Kim,noah.kim85@example.com,2026-04-27,Sweden
86,Noah Rossi,noah.rossi86@example.com,2025-11-07,Canada
87,Leo Rossi,leo.rossi87@example.com,2025-08-09,Sweden
88,Liam Larsen,liam.larsen88@example.com,2026-04-21,Japan
89,Zoe Chen,zoe.chen89@example.com,2025-08-16,South Africa
90,Lucas Dubois,lucas.dubois90@example.com,2026-02-17,Brazil
91,Isabella Dubois,isabella.dubois91@example.com,2025-11-11,United Kingdom
92,Zoe Andersson,zoe.andersson92@example.com,2025-10-10,Brazil
93,Theo Smith,theo.smith93@example.com,2026-05-28,France
94,Nora Chen,nora.chen94@example.com,2025-01-07,Canada
95,Noah Petrov,noah.petrov95@example.com,2026-02-12,South Africa
96,Mateo Patel,mateo.patel96@example.com,2025-02-09,Brazil
97,Noah Rossi,noah.rossi97@example.com,2025-11-24,Australia
98,Sophia Tanaka,sophia.tanaka98@example.com,2025-04-01,South Africa
99,Miles Andersson,miles.andersson99@example.com,2025-07-23,South Africa
100,Ava Petrov,ava.petrov100@example.com,2025-12-30,Canada
101,Oliver Dubois,oliver.dubois101@example.com,2026-04-03,Canada
102,Ivy Petrov,ivy.petrov102@example.com,2026-03-14,Australia
103,Mia Larsen,mia.larsen103@example.com,2026-02-14,Brazil
104,Elijah Dubois,elijah.dubois104@example.com,2025-09-16,France
105,Mateo Garcia,mateo.garcia105@example.com,2026-04-15,Japan
106,Mateo Garcia,mateo.garcia106@example.com,2026-05-31,Brazil
107,Theo Patel,theo.patel107@example.com,2025-07-10,Australia
108,Sophia Tanaka,sophia.tanaka108@example.com,2025-08-23,Japan
109,Luna Nguyen,luna.nguyen109@example.com,2026-04-05,Canada
110,Miles Patel,miles.patel110@example.com,2025-08-26,United States
111,Amelia Chen,amelia.chen111@example.com,2025-08-23,United Kingdom
112,Harper Patel,harper.patel112@example.com,2026-05-11,Australia
113,Amelia Garcia,amelia.garcia113@example.com,2025-02-26,Brazil
114,Elijah Rossi,elijah.rossi114@example.com,2025-06-25,Canada
115,Amelia Petrov,amelia.petrov115@example.com,2025-03-06,Japan
116,Nora Patel,nora.patel116@example.com,2025-02-13,Germany
117,Sophia Kim,sophia.kim117@example.com,2025-03-07,Japan
118,Ava Kim,ava.kim118@example.com,2025-05-20,Brazil
119,Harper Rossi,harper.rossi119@example.com,2026-01-16,United Kingdom
120,Miles Johnson,miles.johnson120@example.com,2025-11-18,United States
121,Evelyn Rossi,evelyn.rossi121@example.com,2026-02-19,France
122,Amelia Andersson,amelia.andersson122@example.com,2025-04-07,Germany
123,Isabella Nguyen,isabella.nguyen123@example.com,2025-06-29,Germany
124,Levi Silva,levi.silva124@example.com,2026-01-10,Canada
125,Theo Dubois,theo.dubois125@example.com,2025-12-04,South Africa
126,Levi Petrov,levi.petrov126@example.com,2025-12-14,United States
127,Emma Dubois,emma.dubois127@example.com,2026-03-02,Sweden
128,Mateo Garcia,mateo.garcia128@example.com,2026-04-07,Sweden
129,Harper Kowalski,harper.kowalski129@example.com,2025-05-24,Brazil
130,Harper Larsen,harper.larsen130@example.com,2025-01-14,South Africa
131,Emma Haile,emma.haile131@example.com,2025-02-26,Sweden
132,Elijah Dubois,elijah.dubois132@example.com,2026-05-10,Japan
133,Ava Novak,ava.novak133@example.com,2025-02-13,South Africa
134,Zoe Muller,zoe.muller134@example.com,2025-11-27,Japan
135,Noah Silva,noah.silva135@example.com,2025-07-17,Brazil
136,Zoe Johnson,zoe.johnson136@example.com,2025-05-29,Australia
137,Jack Andersson,jack.andersson137@example.com,2025-06-25,Japan
138,Lucas Haile,lucas.haile138@example.com,2025-06-10,Australia
139,Luna Patel,luna.patel139@example.com,2026-02-23,Japan
140,Zoe Haile,zoe.haile140@example.com,2025-06-20,United Kingdom
141,Nora Chen,nora.chen141@example.com,2025-12-29,Japan
142,Luna Nguyen,luna.nguyen142@example.com,2025-12-28,Australia
143,Elijah Osei,elijah.osei143@example.com,2025-04-25,Sweden
144,Nora Silva,nora.silva144@example.com,2025-10-06,France
145,Ezra Muller,ezra.muller145@example.com,2025-09-13,France
146,Ivy Kim,ivy.kim146@example.com,2025-06-29,Canada
147,Mia Novak,mia.novak147@example.com,2025-06-27,Sweden
148,Lucas Smith,lucas.smith148@example.com,2025-04-08,Germany
149,Zoe Andersson,zoe.andersson149@example.com,2026-02-06,Germany
150,Oliver Nguyen,oliver.nguyen150@example.com,2026-05-09,Germany
